model	tr_pearson	tr_spearman	val_pearson	val_spearman	sha
VaishnavCNN	nan	nan	nan	nan	aa9374a285456b30d459341292337107750bd282
SimpleCNN	nan	nan	0.684528212525282	0.6974933450596968	a29a56e22278b8b49b6fd57bf4182a2d0ddfae5f
Basenji	0.7599123182406986	0.772494981207631	0.7294745408743606	0.7467951397580934	83ed34cd916f05e37bf935167618fee798ab3a85
