model	tr_pearson	tr_spearman	val_pearson	val_spearman	sha
VaishnavCNN	nan	nan	nan	nan	aa9374a285456b30d459341292337107750bd282
SimpleCNN	nan	nan	0.684528212525282	0.6974933450596968	a29a56e22278b8b49b6fd57bf4182a2d0ddfae5f
Basenji_shallow	0.7599123182406986	0.772494981207631	0.7294745408743606	0.7467951397580934	83ed34cd916f05e37bf935167618fee798ab3a85
Basenji	0.7678978747208234	0.7789512614217424	0.7342931518661883	0.751514252561744	0303c67de1504a9b154e57af16769e5c2395a7f6
SimpleCNN_BN_t=rc	0.6780823859207313	0.691612589346253	0.6727178706164659	0.6869967564465862	64748b5d178ca0685957c8c85910b00179d73a28
